[{"id":"event_hell_altar","startTime":1752090088,"endTime":1752090088,"questID":"hell_altar","title":"The ALTAR OF HELL","description":"Altar of hell, etc","areaGroups":[],"spawns":[]},{"id":"event_halloween","startTime":1752784143,"endTime":1752784143,"questID":"","title":"Halloween 2024","description":"Past event","areaGroups":[],"spawns":[]},{"id":"event_thanksgiving","startTime":1752090088,"endTime":1752090088,"questID":"","title":"Thanksgiving 2024","description":"Past event","areaGroups":[],"spawns":[]},{"id":"event_snowstorm","startTime":1752090088,"endTime":1752090088,"questID":"","title":"Snowstorm 2024","description":"Past event","areaGroups":[],"spawns":[]},{"id":"event_valentine","startTime":1752090088,"endTime":1752090088,"questID":"","title":"Valentine 2025","description":"Past event","areaGroups":[],"spawns":[]}]