{"upgrades":[{"id":"col_1","priceSoft":0,"priceHard":0,"dependency":""},{"id":"col_2","priceSoft":0,"priceHard":0,"dependency":"col_1"},{"id":"col_3","priceSoft":500,"priceHard":0,"dependency":"col_2"},{"id":"col_4","priceSoft":5000,"priceHard":0,"dependency":"col_3"},{"id":"col_5","priceSoft":25000,"priceHard":0,"dependency":"col_4"},{"id":"col_6","priceSoft":100000,"priceHard":0,"dependency":"col_5"},{"id":"col_7","priceSoft":250000,"priceHard":0,"dependency":"col_6"},{"id":"col_8","priceSoft":500000,"priceHard":0,"dependency":"col_7"},{"id":"mtl_1","priceSoft":0,"priceHard":0,"dependency":""},{"id":"mtl_2","priceSoft":0,"priceHard":0,"dependency":"mtl_1"},{"id":"mtl_3","priceSoft":500,"priceHard":0,"dependency":"mtl_2"},{"id":"mtl_4","priceSoft":5000,"priceHard":0,"dependency":"mtl_3"},{"id":"mtl_5","priceSoft":25000,"priceHard":0,"dependency":"mtl_4"},{"id":"mtl_6","priceSoft":100000,"priceHard":0,"dependency":"mtl_5"},{"id":"mtl_7","priceSoft":500000,"priceHard":0,"dependency":"mtl_6"},{"id":"mtl_8","priceSoft":1000000,"priceHard":0,"dependency":"mtl_7"},{"id":"row_1","priceSoft":0,"priceHard":0,"dependency":""},{"id":"row_2","priceSoft":0,"priceHard":0,"dependency":"row_1"},{"id":"row_3","priceSoft":0,"priceHard":250,"dependency":"row_2"},{"id":"row_4","priceSoft":0,"priceHard":500,"dependency":"row_3"},{"id":"row_5","priceSoft":0,"priceHard":750,"dependency":"row_4"},{"id":"row_6","priceSoft":0,"priceHard":1000,"dependency":"row_5"},{"id":"row_7","priceSoft":0,"priceHard":1500,"dependency":"row_6"},{"id":"row_8","priceSoft":0,"priceHard":2000,"dependency":"row_7"}]}