{"gitHash":"e43b1651","fileSignatures":{"econ_avatar_items.json":"+ggm1tcofNeYYMkHDCOksqKlp2RM/T/abzoHDQ6oQKqo0rFrczN6HWtbJGG013lUtaufPkIYxmTM69wB4EQTBg==","econ_crafting_materials.json":"ryueiCSXKsCANVbwU1EMlFQCOCBgimzaIHxX2eQrXvjFrBPaqRTcog82xLGISQvxkhrxM48OaHNa9LIMDRXWBQ==","econ_gameplay_items.json":"ZUnm9g+V01tEu+fi3+FtowD2Urx9VFGvqBGLUSPLtnXroEib+HVbQbElqFr6w3L8nJRMziQ/Pr0+jBPq2PhLAg==","econ_products.json":"X3w3V01UX4YkvvtE9EY09GEWSO8yNoCPXAm07wVPLnL1fu8zkUjJ1du/nAh7uKFiZGg/vol+a0soJkcYrcIPDw==","econ_research_nodes.json":"eI5J9HoAia7uGS7J3jWmlop6AFX8nNJXU0iOr6KiLCuN6k8Qu4ww/yhk4YU0sLeznwV6UNb2CCshQpu5+NP5Cw==","econ_stash_upgrades.json":"YE3hF0r72w45zvakYDNeMKSPwy5pxBdRwc5/k/zbIFQhRj1VUFxenGjQ/U4hNDWX+ynkjYNAaXOCJqODPm4zAQ==","econ_loot_table.json":"gRsGyD7FxJ33kJwp+Zk7fKplX3Y+EyHof7J2jScVA5HvQGKn2fu6djjt4q9lv6ejpLA+GZp7+W16OypfqPPWAQ==","econ_loot_table_bindings.json":"OJcCY04B6GOyLxPPaR1aJU7OjFcTo54FhFjpyDLnbeCwbt1SfqFVePXdqzkV+xdx9V4ixsHJQpjC5WJprTg/Cw==","econ_events.json":"h1GQDl1FnDKyCh4utsjNp/QEohKKA8/4bSRcD7+V6qW9CsqLmuyY2V0YCfQ68yppw2SvmWVftxXlusN4dIXvAg=="}}